,username,userid,time,id,text,davidson,waseem,fountana
0,Holly Lee,@LeeHolly81,31516201.0,1345803569438597121,"Replying to @realDonaldTrump “We know Donald Trump lost the election.  This morning, it is fair to ask whether he lost his mind. That is actually the most charitable explanation for the astonishing new evidence that has come to light."" 1:2758.5K viewsFrom Alli Hedges Maser ",0.003999462361249865,0.5363014722894397,0.047746822
8,Deb Seahorse ,@surfnsafri,1609679948.0,1345803569438597121,Replying to @realDonaldTrump   ,0.17570862623433728,0.03352323163434365,0.013172905
4,Exploding Trumppopotamus Singh MD ,@LabyrinthWeaver,1609680085.0,1345803569438597121,Replying to @realDonaldTrump  Quote TweetExploding Trumppopotamus Singh MD @LabyrinthWeaver · Jan 3The Raffensperger phone call has made it clear: Trump treats democracy like it were Ted Cruz's wife ,0.049826843684719915,0.37891681892007184,0.1373791
2,Jeff Tiedrich,@itsJeffTiedrich,1609680475.0,1345803569438597121,"Replying to @realDonaldTrump I hope they let you have a phone in prison, those tweets are going to be amazing  ",0.2655736212010669,0.14073785393401084,0.023128215
5,Lisa,@thatgirl119766,1609702203.0,1345803569438597121,  ,1.7657473994997902e-130,0.01813247552960133,0.010068097
3,Michael,@MDLaden,1609706243.0,1345803569438597121,  ,1.7657473994997902e-130,0.01813247552960133,0.010068097
1,river 𓆟𓆝𓆞𓆜,@RIVERSDIRECTION,1609762805.0,1345803569438597121,can you explain to me how?  ,0.20431346629914196,0.21829321653888828,0.029079622000000003
7,DaFucksDat,@GLavoie9,1609782304.0,1345803569438597121,    Love this. Sharing  ,0.21715917039879606,0.020112986896577572,0.020718332
6,Margrit,@margrittehkat,1609795856.0,1345803569438597121,"She just knows, like she knows Jesus loves her ... lol ....  ",0.7355740631938091,0.7292944427081933,0.38492626
