,username,userid,time,id,text,davidson,waseem,fountana
0,oregon4TRUMP,@shawgerald4,31516201.0,1311894088833064960,"We have your back President Trump!!!
Get well soon   ",0.2087445219753916,0.1039436706933703,0.027352711000000002
1,"Poopie Rick (5'1"" IQ of 87)",@xXPoopieRickXx,1601620652.0,1311894088833064960,"Replying to @shawgerald4 @realDonaldTrump and @FLOTUS Recovery rate that high is only for people aged 40 or younger. If you're 70 or older, like Trump is, there's a 52% chance you'll die from it.  ",0.09818479788909656,0.4211544195346496,0.012362666000000001
2,Ace of ,@Ace_A_Hearts,1601620890.0,1311894088833064960,  ,1.7657473994997902e-130,0.01813247552960133,0.0100680925
4,noel,@noel93164619,1601621238.0,1311894088833064960,What source is this? Looks like a notes app  ,0.1844795712085714,0.08739308863663713,0.027459687000000003
5,Ace of ,@Ace_A_Hearts,1601621434.0,1311894088833064960,  ,1.7657473994997902e-130,0.01813247552960133,0.0100680925
3,MVP++ A Nice Guy,@Nerd_EXE,1603180483.0,1311894088833064960,"Replying to @shawgerald4 @realDonaldTrump and @FLOTUS ""China virus"" fuck off bitch  ",0.9999987155941736,0.6214177651512944,0.9431345999999999
6,noel,@noel93164619,1611134668.0,1311894088833064960,Right. Can you give us a reliable source and not a tweet? Thanks.  ,0.2193085931369789,0.20366840228529307,0.03803333
